experiment,metric_name,metric_value,device,smoke,evidence
CLS-001,,,,,
CLS-001-smoke,val_macro_f1,0.1,cpu,True,CLS-001-smoke/metrics.json
DEMO,,,,,
EXPL-001,,,,,
FINAL,,,,,
OFF,,,,,
PBA-001,,,,,
PBA-002,dice_mean,0.8617,,,PBA-002/pba002.json
PBA-003,,,,,
PBA-004,ece_post_T,0.002655,,,PBA-004/pba004.json
PBA-005,,,,,
QUALITY,false_reject_rate,0.0,,,QUALITY/gate_validation.json
REL-001,,,,,
ROB-001,val_dice,0.8337152518196035,cuda,False,ROB-001/metrics.json
SEG-001,val_dice,0.873061561682885,cuda,False,SEG-001/metrics.json
SEG-001-analysis,val_dice_mean,0.8517558393797221,,,SEG-001-analysis/seg_val_analysis.json
SEG-001-smoke,val_dice,2.4310789127624085e-11,cpu,True,SEG-001-smoke/metrics.json
SYSINT,fp16_macro_f1_val,0.995032,,,SYSINT/fp16_check.json
UNC-001,detection_rate_locked,0.925926,,,UNC-001/unc001_locked.json
VV,,,,,
data_gate_0,,,,,
